entry_step,exit_step,side,entry_equity,exit_equity,return,duration_steps
15,1121,1,9997.5,9992.729169126982,-0.00047720238789872305,1106
1121,5295,-1,9992.729169126982,9985.42993853974,-0.0007304541595896108,4174
5295,10791,1,9985.42993853974,9980.32177033581,-0.0005115621696183403,5496
10791,16872,-1,9980.32177033581,9973.37756701531,-0.0006957895226524791,6081
16872,20945,1,9973.37756701531,11332.858623954731,0.13631099873683694,4073
